2023-01-24 14:51:13,a tortor. Nunc commodo auctor velit. Aliquam,2,29,173,
2023-10-29 00:03:53,"sit amet, consectetuer adipiscing elit. Aliquam auctor,",5,13,56,
2023-06-23 07:44:09,Morbi vehicula. Pellentesque tincidunt tempus risus. Donec,3,45,254,
2023-01-18 17:40:59,"mollis. Phasellus libero mauris, aliquam eu, accumsan",2,43,175,
2023-12-09 15:33:25,fermentum fermentum arcu. Vestibulum ante ipsum primis,3,77,244,
2024-02-10 14:29:47,"amet, faucibus ut, nulla. Cras eu tellus",4,17,8,
2022-09-27 05:49:00,"ultricies ornare, elit elit fermentum risus, at",2,94,,7
2023-01-03 21:18:57,"amet, faucibus ut, nulla. Cras eu tellus",4,2,,5
2024-02-13 06:58:43,"dolor sit amet, consectetuer adipiscing elit. Aliquam",5,59,,3
2024-04-29 18:53:21,Suspendisse eleifend. Cras sed leo. Cras vehicula,3,36,,5
2022-10-13 21:54:37,mi lacinia mattis. Integer eu lacus. Quisque,1,56,30,
2023-09-07 08:10:41,neque. Morbi quis urna. Nunc quis arcu,4,84,,9
2022-06-08 03:31:53,"egestas, urna justo faucibus lectus, a sollicitudin",2,47,,2
2022-11-14 09:41:10,et ultrices posuere cubilia Curae Phasellus ornare.,4,7,266,
2023-02-19 03:16:56,"sed dolor. Fusce mi lorem, vehicula et,",4,40,,2
2023-10-07 14:11:18,"pellentesque, tellus sem mollis dui, in sodales",3,69,,9
2023-05-05 10:26:04,"augue eu tellus. Phasellus elit pede, malesuada",5,33,290,
2023-01-15 06:16:23,tincidunt adipiscing. Mauris molestie pharetra nibh. Aliquam,3,18,,6
2023-04-14 23:33:35,faucibus orci luctus et ultrices posuere cubilia,2,74,277,
2023-03-14 16:09:07,Morbi metus. Vivamus euismod urna. Nullam lobortis,5,28,298,
2022-10-29 22:28:50,"Nullam velit dui, semper et, lacinia vitae,",3,64,,7
2022-11-22 18:54:09,"pede, ultrices a, auctor non, feugiat nec,",1,95,,4
2024-01-03 14:33:11,"id, mollis nec, cursus a, enim. Suspendisse",4,74,,4
2022-11-15 13:42:39,"dictum eu, placerat eget, venenatis a, magna.",2,35,,2
2023-10-02 11:35:25,"sed, hendrerit a, arcu. Sed et libero.",2,75,214,
2024-01-26 05:27:11,convallis ligula. Donec luctus aliquet odio. Etiam,5,41,,2
2023-02-10 20:37:45,Pellentesque ut ipsum ac mi eleifend egestas.,5,75,,4
2022-09-25 05:41:21,luctus et ultrices posuere cubilia Curae Donec,4,89,,7